CATEGORY,FUEL,UTILITY,STATION,STATE,Latitude,Longitude,Name,INST_CAP,PROGRAM_GENERATION,ACTUAL GENERATION
THERMAL,DIESEL,A&N ADM,AND. NICOBAR DG,ANDAMAN NICOBAR,11.42,92.42,Andaman Diesel Plant,40.05,13,17.33
THERMAL,COAL,APPDCL,DAMODARAM SANJEEVAIAH TPS,ANDHRA PRADESH,14.327,80.120296,Sri Damodaram Sanjeevaiah Thermal Power Plant unit-I,1600,708,746.1
THERMAL,COAL,APGENCO,Dr. N.TATA RAO TPS,ANDHRA PRADESH,16,80.537,Dr. Narla Tatarao Thermal Power Station,1760,1129,1035.37
THERMAL,NATURAL GAS,GAUTAMI,GAUTAMI CCPP,ANDHRA PRADESH,17.065,82.106,GVK Gautami power station,464,0,0
THERMAL,NATURAL GAS,GMR ENERG,GMR Energy Ltd - Kakinada,ANDHRA PRADESH,16.92,81.83,GMR Energy Plant,220,0,0
THERMAL,NATURAL GAS,SPGL,GODAVARI CCPP,ANDHRA PRADESH,17.0587,82.3097,Godavari (Kakinada) Gas CCPP,208,52,97.1
THERMAL,NATURAL GAS,GREL,GREL CCPP (Rajahmundry),ANDHRA PRADESH,16.921,81.804,GMR POWER PLANT VEMAGIRI UNIT,768,0,0
THERMAL,NATURAL GAS,APEPDCL,JEGURUPADU PHASE I CCPP,ANDHRA PRADESH,16.93,81.72,Jegurupadu Closed Combined Power Plant,235.4,0,103.57
THERMAL,NATURAL GAS,GVKP&IL,JEGURUPADU PHASE II CCPP,ANDHRA PRADESH,16.93,81.861,GVK Jegurupadu Power Plant,220,21,0
THERMAL,NATURAL GAS,KONA,KONASEEMA CCPP,ANDHRA PRADESH,16.73,81.86,Konsaseema Power Plant,445,0,0
THERMAL,NATURAL GAS,KONDAPALI,KONDAPALLI CCPP,ANDHRA PRADESH,16.64,80.55,Kondapalli Natural Gas Power Plant,350,51,101.12
THERMAL,NATURAL GAS,KONDAPALI,KONDAPALLI EXTN CCPP .,ANDHRA PRADESH,16.64,80.555,Lanco Kondapalli Power Station,366,0,0
THERMAL,NATURAL GAS,KONDAPALI,KONDAPALLI ST-3 CCPP,ANDHRA PRADESH,16.856,81.958,KONDAPALLI ST,742,42,0
THERMAL,DIESEL,LVS POWER,LVS POWER DG,ANDHRA PRADESH,17.845,83.237,LVS Power Ltd,36.8,0,0
HYDRO,HYDRO,APGENCO,NAGARJUN SGR RBC EXTN. HPS,ANDHRA PRADESH,16.575,79.312,NAGARJUNA SAGAR HYDRO POWER PLANT,0,0,0
HYDRO,HYDRO,APGENCO,NAGARJUN SGR RBC HPS,ANDHRA PRADESH,16.578,79.314,Nagarjuna Sagar Main Power House,90,13,0
HYDRO,HYDRO,APGENCO,NAGARJUN SGR TPD HPS,ANDHRA PRADESH,16.62,79.49,Nagarjun Hydro Power Plant,0,25,0
THERMAL,COAL,TPCIL,PAINAMPURAM TPP,ANDHRA PRADESH,14.328,80.14,Sembcorp Energy India Limited,1320,764,608.17
THERMAL,NATURAL GAS,BSES(P),PEDDAPURAM CCPP,ANDHRA PRADESH,17.07,82.118,Peddapuram Gas Power Plant,220,4,0
THERMAL,COAL,APGENCO,RAYALASEEMA TPS,ANDHRA PRADESH,17.065,78.463,Rayalaseema Thermal Power Plant,1050,639,496.63
THERMAL,COAL,SGPL,SGPL TPP,ANDHRA PRADESH,14.342,80.139,Sembcorp Gayathri Power Limited,660,0,311.88
THERMAL,COAL,NTPC Ltd.,SIMHADRI,ANDHRA PRADESH,17.596,83.087,NTPC-Simhadri,2000,1299,1075.41
THERMAL,COAL,SEPL,SIMHAPURI TPS,ANDHRA PRADESH,14.205,80.088,Simhapuri Energy Limited,600,380,12.77
HYDRO,HYDRO,APGENCO,SRISAILAM HPS,ANDHRA PRADESH,16.08,78.897,Srisailam Hydro Power Plant,770,48,68.75
THERMAL,COAL,MEL,THAMMINAPATNAM TPS,ANDHRA PRADESH,14.212,80.091,Meenakshi Energy Power Plant,300,150,75.29
HYDRO,HYDRO,APGENCO,UPPER SILERU HPS,ANDHRA PRADESH,18.05,82.03,Sileru Hydro Plant,240,44,32.89
THERMAL,NATURAL GAS,VEMAGIRI,VEMAGIRI CCPP,ANDHRA PRADESH,16.92,81.804,GMR POWER PLANT VEMAGIRI UNIT,370,0,0
THERMAL,NATURAL GAS,APGCL,VIJJESWARAM CCPP,ANDHRA PRADESH,16.934,81.724,Andhra Pradesh Gas Power Corporation Limited,272,59,86.96
THERMAL,COAL,HNPC,VIZAG TPP,ANDHRA PRADESH,17.563,83.139,HINDUJA NATIONAL POWER CORPORATION LIMITED,1040,247,277.64
HYDRO,HYDRO,NEEPCO.,KAMENG HPS,ARUNACHAL PRADESH,27.164,92.682,Kameng Hydro Electric Plant,0,0,0
HYDRO,HYDRO,NEEPCO.,PARE HPS,ARUNACHAL PRADESH,27.257,93.793,Department of Hydro Power,0,26,0
HYDRO,HYDRO,NEEPCO.,RANGANADI HPS.,ARUNACHAL PRADESH,27.342,93.816,Ranganadi Hydro Electric Power Project,405,36,31.69
THERMAL,COAL,NTPC Ltd.,BONGAIGAON TPP,ASSAM,26.444,90.3668,Bongaigaon Thermal Power Project,250,93,127.47
THERMAL,COAL,APGPCL,CHANDRAPUR(ASSAM) TPS,ASSAM,26.18,91.824,Assam Power Generation Corporation Limited,60,0,0
HYDRO,HYDRO,APGPCL,KARBI LANGPI HPS.,ASSAM,25.913,92.499,Karbi Langpi Hydro Electric Project,100,11,14.83
THERMAL,NATURAL GAS,NEEPCO.,KATHALGURI CCPP,ASSAM,27.341,95.407,Kathalguri Gas Based Power Plant,291,149,132.21
HYDRO,HYDRO,NEEPCO.,KOPILI HPS.,ASSAM,25.528,92.632,Kopili Hydro Power Plant,225,50,58.43
THERMAL,NATURAL GAS,APGPCL,LAKWA GT,ASSAM,26.987,94.932,Lakwa Thermal Power Station,157.2,79,78.95
THERMAL,NATURAL GAS,APGPCL,NAMRUP CCPP,ASSAM,27.185,93.377,Namrup Thermal Power Station,181.25,58,34.09
THERMAL,COAL,BSEB,BARAUNI TPS,BIHAR,25.4,86.022,Barauni Thermal Power Station,210,77,45.6
THERMAL,COAL,NTPC Ltd.,BARH I,BIHAR,25.4902,85.747,NTPC - Barh Super Thermal Power Project,0,0,0
THERMAL,COAL,NTPC Ltd.,BARH II,BIHAR,25.484,85.7475,NTPC - Barh 2 Super Thermal Power Project,1320,529,777.08
THERMAL,COAL,NTPC Ltd.,KAHALGAON TPS,BIHAR,25.237,87.2677,NTPC Kahalgaon Power Station,2340,1387,1137.42
THERMAL,COAL,K.B.U.N.L,MUZAFFARPUR TPS,BIHAR,26.197,85.306,Kanti Thermal Power Plant,415,113,32.92
THERMAL,COAL,BRBCL,NABI NAGAR TPP,BIHAR,24.708,84.0927,BRBCL (4X250MW) Thermal Power Plant,250,51,0
THERMAL,COAL,NPGCPL,NEW NABI NAGAR TPP,BIHAR,24.775,84.158,NTPC Nabinagar,0,0,0
THERMAL,COAL,WPCL,AKALTARA TPS,CHHATTISGARH,21.962,82.414,KSK Mahanadi Power Plant,1200,594,603.91
THERMAL,COAL,KWPCL,AVANTHA BHANDAR,CHHATTISGARH,22.367,82.7167,Avantha Bhandar Thermal Power Plant,600,51,313.75
THERMAL,COAL,BALCO,BALCO TPS,CHHATTISGARH,22.395,82.677,Balco Captive Power Plant,600,170,308.06
THERMAL,COAL,MCCPL,BANDAKHAR TPP,CHHATTISGARH,22.343,82.428,Maruti Clean Coal Power Ltd,300,59,185.99
THERMAL,COAL,DBPCL,BARADARHA TPS,CHHATTISGARH,21.909,83.188,DB Power Limited,1200,297,706.94
THERMAL,COAL,NSPCL,BHILAI TPS,CHHATTISGARH,21.161,81.447,NSPCL PP2,500,192,292.28
THERMAL,COAL,SKS,BINJKOTE TPP,CHHATTISGARH,22.009,83.206,SKS Power Generation Chhattisgarh Limited,0,55,0
THERMAL,COAL,ACB,CHAKABURA TPP,CHHATTISGARH,22.387,82.5535,Thermal Power Plant Acbil,30,17,22.22
THERMAL,COAL,CSPGCL,DSPM TPS,CHHATTISGARH,22.367,82.7167,Dr.Shyama Prasad Mukherjee Thermal Power Station,500,297,344.48
HYDRO,HYDRO,CSPGCL,HASDEOBANGO HPS,CHHATTISGARH,22.605,82.597,Hasdeo Bango Dam,120,10,2.28
THERMAL,COAL,ACB,KASAIPALLI TPP,CHHATTISGARH,21.962,82.355,ARASMETA CAPTIVE POWER PLANT,270,170,190.85
THERMAL,COAL,VESPL,KATGHORA TPP,CHHATTISGARH,22.489,82.606,Vandana Thermal Power Plant,35,0,0
THERMAL,COAL,NTPC Ltd.,KORBA STPS,CHHATTISGARH,22.386,82.682,NTPC Second Korba Super Thermal Power Station,2600,1719,1801.4
THERMAL,COAL,CSPGCL,KORBA-II,CHHATTISGARH,22.412,82.688,"Hasdeo Thermal Power Station, Darri,Korba",200,72,58.69
THERMAL,COAL,CSPGCL,KORBA-III,CHHATTISGARH,22.385,82.6839,NTPC Korba Super Thermal Power Station,240,125,79.08
THERMAL,COAL,CSPGCL,KORBA-WEST TPS,CHHATTISGARH,22.386,82.679,NTPC West Korba Super Thermal Power Station,1340,816,893.87
THERMAL,COAL,NTPC Ltd.,LARA TPP,CHHATTISGARH,21.756,83.457,NTPC Lara,0,0,0
THERMAL,COAL,CSPGCL,MARWA TPS,CHHATTISGARH,22.067,82.598,"ABVTPS, CSPGCL MARWA TENDUBHATA",1000,0,327.93
THERMAL,COAL,TRNE,NAWAPARA TPP,CHHATTISGARH,22.13,83.262,TRN Energy Power Plant,300,0,160.05
THERMAL,COAL,JPL,OP JINDAL TPS,CHHATTISGARH,22.098,83.447,Jindal Power Limited,1000,421,340.23
THERMAL,COAL,LANCO,PATHADI STAGE II,CHHATTISGARH,22.248,82.732,Lanco Amarkantak Power Limited,0,0,0
THERMAL,COAL,LANCO,PATHADI TPP,CHHATTISGARH,22.242,82.724,Lanco Extension Amarkantak Power Limited,600,298,363.23
THERMAL,COAL,GCEL,RAIKHEDA TPP,CHHATTISGARH,21.4492,81.8529,GMR Chhattisgarh Power Project,1370,212,0
THERMAL,COAL,SCPL,RATIJA TPS,CHHATTISGARH,22.3399,82.493,Spectrum Coal,100,17,68.55
THERMAL,COAL,VVL,SALORA TPP,CHHATTISGARH,22.488,82.606,Vandana Thermal Power Plant,135,0,0
THERMAL,COAL,ACPL,SINGHITARAI TPP,CHHATTISGARH,21.905,83.129,Athena Chhattisgarh Power Ltd,0,0,0
THERMAL,COAL,NTPC Ltd.,SIPAT STPS,CHHATTISGARH,22.1308,82.29062,NTPC Sipat Thermal Power Plant,2980,1787,2073.08
THERMAL,COAL,SVPPL,SVPL TPP,CHHATTISGARH,22.2941,82.525,S V Power Pvt Ltd,63,8,31.99
THERMAL,COAL,ACB,SWASTIK KORBA TPP,CHHATTISGARH,22.3005,82.7048,Swastik Korba Thermal Power Plant,25,0,0
THERMAL,COAL,JPL,TAMNAR TPP,CHHATTISGARH,22.105,83.451,Jindal Power Limited,2400,474,411.49
THERMAL,COAL,RKMPPL,UCHPINDA TPP,CHHATTISGARH,21.88758,83.121,R.K.M Powergen Pvt Ltd,720,204,0
THERMAL,COAL,NTPC Ltd.,BADARPUR TPS,DELHI,28.507,77.3002,Badarpur Thermal Power Station,705,90,0
THERMAL,NATURAL GAS,IPGPCL,I.P.CCPP,DELHI,28.637,77.254,Indraprashtha Power Generation Company Limited,270,64,50.2
THERMAL,NATURAL GAS,IPGPCL,PRAGATI CCGT-III,DELHI,28.617,77.256,Pragati Thermal Power Plant,1500,177,201.28
THERMAL,NATURAL GAS,IPGPCL,PRAGATI CCPP,DELHI,28.617,77.252,Pragati Thermal Power Plant,330.4,119,112.6
THERMAL,COAL,IPGPCL,RAJGHAT TPS,DELHI,28.637,77.254,Rajghat Thermal Power Plant (Defunct),135,5,0
THERMAL,NATURAL GAS,NDPL,RITHALA CCPP,DELHI,28.732,77.101,Rithala Power Plant,108,0,0
THERMAL,NATURAL GAS,RELIANCE,GOA CCPP (Liq.),GOA,15.3773,73.87,Reliance Energy Limited,48,0,0
THERMAL,COAL,GMDCL,AKRIMOTA LIG TPS,GUJARAT,23.76,68.64,Akrimota Thermal Power Station,250,139,116.78
THERMAL,NATURAL GAS,GIPCL,BARODA CCPP,GUJARAT,22.376,73.1015,GIPCL,160,17,0
THERMAL,COAL,BECL,BHAVNAGAR CFBC TPP,GUJARAT,21.584,72.221,Bhavnagar Energy Company Limited Power Station,250,89,16.15
THERMAL,NATURAL GAS,TOR. POW. (UNOSUGEN),DGEN MEGA CCPP,GUJARAT,21.698,72.629,Torrent Power Limited,1200,0,0
THERMAL,NATURAL GAS,GSECL,DHUVARAN CCPP,GUJARAT,22.234,72.76,Dhuvaran III CCPP,594.72,10,34.11
THERMAL,NATURAL GAS,ESSAR,ESSAR CCPP,GUJARAT,22.303,69.7106,Essar Power Gujrat Limited (EPGL),515,0,0
THERMAL,NATURAL GAS,NTPC Ltd.,GANDHAR CCPP,GUJARAT,21.686,72.583,Coal Based Power Plant,657.39,127,234.98
THERMAL,COAL,GSECL,GANDHI NAGAR TPS,GUJARAT,23.251,72.673,"Vijapur Road, Thermal Power Plant Area",870,273,204.56
THERMAL,NATURAL GAS,GIPCL,GIPCL. GT IMP,GUJARAT,22.376,73.1015,GIPCL,0,14,14.93
THERMAL,NATURAL GAS,GSEGL,HAZIRA CCPP,GUJARAT,21.119,72.6405,Essar Power Hazira Ltd. 270 MW,156.1,12,0
THERMAL,NATURAL GAS,GSEGL,HAZIRA CCPP EXT,GUJARAT,21.174,72.687,NTPC Kawas Power Plant,351,0,0
HYDRO,HYDRO,GSECL,KADANA HPS,GUJARAT,23.305,73.825,Kadana Dam,240,10,23.63
NUCLEAR,NUCLEAR,NPCIL,KAKRAPARA,GUJARAT,21.23,73.35,Kakrapar Atomic Power Station,440,280,0
THERMAL,NATURAL GAS,NTPC Ltd.,KAWAS CCPP,GUJARAT,21.175,72.688,NTPC Kawas Power Plant,656.2,133,180.87
THERMAL,COAL,GSECL,KUTCH LIG. TPS,GUJARAT,23.662,68.784,Kutch Lignite Thermal Power Station,290,156,85.6
THERMAL,COAL,APL,MUNDRA TPS,GUJARAT,22.822,69.548,Adani Power Mundra Limited,4620,2612,2764.29
THERMAL,COAL,CGPL,MUNDRA UMTPP,GUJARAT,22.815,69.528,Ultra Mega Power Project CGPL,4000,2057,2620.61
THERMAL,NATURAL GAS,GPE CORP,PEGUTHAN CCPP,GUJARAT,21.78,72.999,Paguthan Combined Cycle Power Plant,655,25,4.36
THERMAL,NATURAL GAS,GPPCL,PIPAVAV CCPP,GUJARAT,20.898,71.469,GSPC Pipavav Power Co Ltd GPPC,702,0,0
HYDRO,HYDRO,SSNNL,S SAROVAR CHPH HPS,GUJARAT,21.8304,73.748,Sardar Sarovar Dam,250,85,90.97
HYDRO,HYDRO,SSNNL,S SAROVAR RBPH HPS,GUJARAT,21.834,73.748,Sardar Sarovar Dam Power Plant,1200,92,0.74
THERMAL,COAL,TOR. POW. (UNOSUGEN),SABARMATI (C STATION),GUJARAT,23.07,72.597,Torrent Power C Station,60,0,0
THERMAL,COAL,TOR. POW. (UNOSUGEN),SABARMATI (D-F STATIONS),GUJARAT,23.069,72.592,Torrent Power D-F Station,362,218,243.67
THERMAL,COAL,EPGL,SALAYA TPP,GUJARAT,22.302,69.712,Essar Power Gujrat Limited (EPGL),1200,556,483.11
THERMAL,COAL,GSECL,SIKKA REP. TPS,GUJARAT,22.419,69.831,Sikka Thermal Power Station,740,175,220.75
THERMAL,NATURAL GAS,TOR. POW. (SUGEN),SUGEN CCPP,GUJARAT,21.338,72.986,Sugen Power Plant,1147.5,233,187.97
THERMAL,COAL,GIPCL,SURAT LIG. TPS,GUJARAT,21.394,73.107,Surat Lignite Power Plant,500,313,257.56
HYDRO,HYDRO,GSECL,UKAI HPS,GUJARAT,21.253,73.592,Ukai Dam Power Plant,300,31,4.51
THERMAL,COAL,GSECL,UKAI TPS,GUJARAT,21.212,73.5605,Ukai Thermal Power Station,1350,528,310.5
THERMAL,NATURAL GAS,TOR. POW. (UNOSUGEN),UNOSUGEN CCPP,GUJARAT,21.3409,72.9899,UNOSugen Power Plant,382.5,0,0
THERMAL,NATURAL GAS,GSECL,UTRAN CCPP,GUJARAT,21.22,72.87,Utran Gas Based Power Station,518,0,0
THERMAL,NATURAL GAS,TOR. POW. (UNOSUGEN),VATWA CCPP,GUJARAT,23.08,72.65,Torrent Power,0,0,0
THERMAL,COAL,GSECL,WANAKBORI TPS,GUJARAT,22.87,73.35,Wanakbori Thermal Power Station,1470,478,228.69
THERMAL,NATURAL GAS,NTPC Ltd.,FARIDABAD CCPP,HARYANA,28.345,77.361,NTPC Faridabad,431.59,97,15.59
THERMAL,COAL,APCPL,INDIRA GANDHI STPP,HARYANA,28.492,76.366,Indira Gandhi Super Thermal Power Project,1500,570,110.76
THERMAL,COAL,JhPL(HR),MAHATMA GANDHI TPS,HARYANA,28.484,76.375,Mahatma Gandhi Super Thermal Power Plant,1320,501,513.1
THERMAL,COAL,HPGCL,PANIPAT TPS,HARYANA,29.397,76.868,Panipat Thermal Power Station,920,124,109.48
THERMAL,COAL,HPGCL,RAJIV GANDHI TPS,HARYANA,29.345,75.855,Rajiv Gandhi Thermal Power Plant,1200,445,577.98
THERMAL,COAL,HPGCL,YAMUNA NAGAR TPS,HARYANA,30.108,77.324,HPGCL Deen Bandhu Chotu Ram Thermal Power Plant,600,219,208.4
HYDRO,HYDRO,ADHPL,ALLAIN DUHANGAN HPS,HIMACHAL PRADESH,32.226,77.198,Allain Duhangan Hydropower Plant,192,11,11.76
HYDRO,HYDRO,NHPC,BAIRA SIUL HPS,HIMACHAL PRADESH,32.742,76.109,Bairasiul Power Station,180,14,23.21
HYDRO,HYDRO,HBPCL,BASPA HPS,HIMACHAL PRADESH,31.4301,78.2412,Baspa (Stage 2) Dam,300,32,30.48
HYDRO,HYDRO,HPSEB,BASSI HPS,HIMACHAL PRADESH,31.954,76.798,Bassi Power House,66,8,7.55
HYDRO,HYDRO,GBHPPL,BUDHIL HPS,HIMACHAL PRADESH,32.473,76.253,Taggi Budhil HPS,70,3,5.08
HYDRO,HYDRO,NHPC,CHAMERA- I HPS,HIMACHAL PRADESH,32.596,75.986, Chamera Dam Hydro Power Plant,540,47,64.3
HYDRO,HYDRO,NHPC,CHAMERA- II HPS,HIMACHAL PRADESH,32.595,75.985,Chamera Hydro Power Plant,300,35,37.77
HYDRO,HYDRO,NHPC,CHAMERA-III HPS,HIMACHAL PRADESH,32.6101,76.01557,CHAMERA-III HPS,231,19,18.31
HYDRO,HYDRO,HPSEB,GIRI BATA HPS,HIMACHAL PRADESH,30.586,77.468,Jataun Dam,60,9,10
HYDRO,HYDRO,HBPCL,KARCHAM WANGTOO HPS,HIMACHAL PRADESH,31.498,78.178,Karcham Wangtoo Dam,1000,110,101.51
HYDRO,HYDRO,HPPCL,KASHANG INTEGRATED HPS,HIMACHAL PRADESH,31.6001,78.3127,HPPCL Kashang Project Power House,130,6,3.31
HYDRO,HYDRO,NTPC Ltd.,KOLDAM HPS,HIMACHAL PRADESH,31.383,76.873,Koldam Dam,800,62,81.73
HYDRO,HYDRO,HPSEB,LARJI HPS,HIMACHAL PRADESH,31.723,77.214,Larji Dam,126,15,15.67
HYDRO,HYDRO,MPCL,MALANA HPS,HIMACHAL PRADESH,32.004,77.248,Malana Hydro Electric Plant,86,6,5.88
HYDRO,HYDRO,E.P.P.L.,MALANA-II HPS,HIMACHAL PRADESH,32.037,77.255,Malana II Reservoir,100,5,5.2
HYDRO,HYDRO,SJVNL,NATHPA JHAKRI HPS,HIMACHAL PRADESH,31.564,77.9798,NJHPS Intake Structure,1500,188,191.83
HYDRO,HYDRO,NHPC,PARBATI-III HPS,HIMACHAL PRADESH,31.78,77.328,Parbati Hydro Electric Project,520,10,12.31
HYDRO,HYDRO,SJVNL,RAMPUR HPS,HIMACHAL PRADESH,31.821,77.174,"Power House, Rampur HPS",412.02,75,53.41
HYDRO,HYDRO,HPPCL,SAINJ HPS,HIMACHAL PRADESH,31.468,78.187,Sai Hydro Power Plant Brua,0,10,0
HYDRO,HYDRO,HPSEB,SANJAY HPS,HIMACHAL PRADESH,31.621,78.021,Sanjay Vidyut Pariyojna HPSEBL bhabha,120,13,18.66
HYDRO,HYDRO,HSPCL,SORANG HPS,HIMACHAL PRADESH,31.594,77.875,Shorang Hydro Power Plant,0,0,0
HYDRO,HYDRO,NTPGPL,TIDONG HPS,HIMACHAL PRADESH,31.573,78.445,NSL TIDONG HEP,0,0,0
HYDRO,HYDRO,HPSEB,UHL-III HPS,HIMACHAL PRADESH,31.5402,76.896,"Control Gate, Sundernagar, Himachal Pradesh",0,0,0
HYDRO,HYDRO,JKSPDC,BAGLIHAR HPS,JAMMU AND KASHMIR,33.182,75.314,Baglihar Hydro Electric Project,450,110,94.97
HYDRO,HYDRO,JKSPDC,BAGLIHAR II HPS,JAMMU AND KASHMIR,33.161,75.327,Baglihar Hydro Electric Project,450,0,0
HYDRO,HYDRO,NHPC,CHUTAK HPS,JAMMU AND KASHMIR,34.458,76.074,Chutak Barrage,44,3,3.96
HYDRO,HYDRO,NHPC,DULHASTI HPS,JAMMU AND KASHMIR,33.368,75.798,Dul Hasti Dam,390,72,80.4
HYDRO,HYDRO,NHPC,KISHENGANGA HPS,JAMMU AND KASHMIR,34.649,74.751,Kishanganga Hydroelectric Plant,0,52,0
HYDRO,HYDRO,JKSPDC,LOWER JHELUM HPS,JAMMU AND KASHMIR,34.218,74.528,Lower Jhelum Hydroelectric Power Plant,105,20,23.85
HYDRO,HYDRO,NHPC,NIMMO BAZGO HPS,JAMMU AND KASHMIR,34.215,77.184,Nimoo Bazgo Hydroelectric Plant,45,9,9.3
THERMAL,NATURAL GAS,JKSPDC,PAMPORE GPS (Liq.),JAMMU AND KASHMIR,34.004,74.917,Pampore Power Grid,175,0,0
HYDRO,HYDRO,NHPC,SALAL HPS,JAMMU AND KASHMIR,33.142,74.811, NHPC salal,690,86,101.83
HYDRO,HYDRO,NHPC,SEWA-II HPS,JAMMU AND KASHMIR,32.624,75.915,Sewa-II Power House,120,13,25.15
HYDRO,HYDRO,JKSPDC,UPPER SINDH-II HPS,JAMMU AND KASHMIR,34.315,74.9399,UPPER SINDH-II HPS,105,6,6.91
HYDRO,HYDRO,NHPC,URI-I HPS,JAMMU AND KASHMIR,34.144,74.185,Uri Hydroelectric Project,480,86,102.81
HYDRO,HYDRO,NHPC,URI-II HPS,JAMMU AND KASHMIR,34.14,74.181,Uri Hydle Project Dam,240,52,62.28
THERMAL,COAL,DVC,BOKARO `B` TPS,JHARKHAND,23.784,85.8801,B' Plant,630,177,120.32
THERMAL,COAL,DVC,BOKARO TPS `A` EXP,JHARKHAND,23.683,86.091,BPSCL Power Plant,500,112,0
THERMAL,COAL,DVC,CHANDRAPURA(DVC) TPS,JHARKHAND,23.741,86.119,Chandrapura Thermal Power Station(DVC),890,420,472.82
THERMAL,COAL,TATA PCL,JOJOBERA TPS,JHARKHAND,22.754,86.247,Jojobera Power Plant,360,217,148.11
THERMAL,COAL,DVC,KODARMA TPP,JHARKHAND,24.389,85.5608,Koderma Power Plant,1000,298,222.44
THERMAL,COAL,ADHUNIK,MAHADEV PRASAD STPP,JHARKHAND,22.836,86.061,Mahadev Prasad Super Thermal Power Plant,540,212,292.32
THERMAL,NATURAL GAS,DVC,MAITHON GT (Liq.),JHARKHAND,23.785,86.811,Maithon Dam,0,0,0
HYDRO,HYDRO,DVC,MAITHON HPS.,JHARKHAND,23.7848,86.8124,Maithon Dam,63.2,5,7.25
THERMAL,COAL,MPL,MAITHON RB TPP,JHARKHAND,23.817,86.759,Maithon Power Plant,1050,594,669.76
THERMAL,COAL,CPL,MAITRISHI USHA TPS,JHARKHAND,23.738,84.7788,Matrishri Usha Jayaswal Thermal Power Plant,0,0,0
HYDRO,HYDRO,DVC,PANCHET HPS.,JHARKHAND,23.6808,86.747,Panchet Hill Hydel Power Station,80,2,1.83
THERMAL,COAL,PVUNL,PATRATU TPS,JHARKHAND,23.6407,85.29305,Patratu Thermal Power Station,455,69,27.71
HYDRO,HYDRO,JSEB,SUBERNREKHA HPS.,JHARKHAND,22.974,86.025,Subernarekha Project 4X2 MW,130,6,0
THERMAL,COAL,TVNL,TENUGHAT TPS,JHARKHAND,23.727,85.765,Tenughat Vidyut Nigam Limited,420,243,123.8
HYDRO,HYDRO,KPCL,ALMATTI DPH HPS,KARNATAKA,16.329,75.8859,Lal Bahadur Shastri Sagar Dam,290,31,16.77
THERMAL,DIESEL,TATA PCL,BELGAUM DG,KARNATAKA,15.8999,74.5426,TATA Power Generation Plant,81.3,0,0
THERMAL,DIESEL,BELLARY,BELLARY DG,KARNATAKA,15.1908,76.717,KPCL-Bellary Thermal Power Station,25.2,0,0
THERMAL,COAL,KPCL,BELLARY TPS,KARNATAKA,15.1906,76.720976,KPCL-Bellary Thermal Power Station,1700,835,618.46
HYDRO,HYDRO,KPCL,BHADRA HPS,KARNATAKA,13.701,75.636,Bhadra Dam,39.2,7,0.05
HYDRO,HYDRO,KPCL,GERUSUPPA HPS,KARNATAKA,14.2515,74.6752,Gerusoppa Dam,240,47,27.59
HYDRO,HYDRO,KPCL,GHAT PRABHA HPS,KARNATAKA,16.139,74.643,KPCL Power Plant,32,13,7.5
HYDRO,HYDRO,KPCL,HAMPI HPS,KARNATAKA,15.4899,76.7497,Sugur Mini Hydel Power Station,36,18,0.1
HYDRO,HYDRO,KPCL,JOG HPS,KARNATAKA,14.2274,74.7989,Mahatma Gandhi Hydroelectric Power Plant,139.2,16,14.26
HYDRO,HYDRO,KPCL,KADRA HPS,KARNATAKA,14.8962,74.3536,Kadra Dam,150,23,4.44
NUCLEAR,NUCLEAR,NPCIL,KAIGA,KARNATAKA,14.865,74.439,Kaiga Nuclear Plant,880,556,673.28
HYDRO,HYDRO,KPCL,KALINADI HPS,KARNATAKA,15.0785,76.647,Kalinadi Nagjhari Hydroelectric Power Plant,855,227,75.54
HYDRO,HYDRO,KPCL,KALINADI SUPA HPS,KARNATAKA,15.0785,76.647,Kalinadi Nagjhari Hydroelectric Power Plant,100,58,15.95
HYDRO,HYDRO,KPCL,KODASALI HPS,KARNATAKA,14.9213,74.534,Kodasalli Hydel Project,120,27,5.64
THERMAL,COAL,NTPC Ltd.,KUDGI STPP,KARNATAKA,16.496,75.842,NTPC Kudgi STPP,800,179,0
HYDRO,HYDRO,KPCL,LIGANAMAKKI HPS,KARNATAKA,14.17553,74.845,Linganamakki Dam,55,29,16.06
HYDRO,HYDRO,KPCL,MUNIRABAD HPS,KARNATAKA,15.2662,76.3294,Munirabad Power House,28,10,0
THERMAL,COAL,KPCL,RAICHUR TPS,KARNATAKA,16.349,77.3427,Raichur Thermal Power Station,1720,968,1053.83
HYDRO,HYDRO,KPCL,SHARAVATHI HPS,KARNATAKA,14.234,74.767,Sharavati Power Generation Plant,1035,452,319.27
HYDRO,HYDRO,KPCL,SIVASAMUNDRUM HPS,KARNATAKA,12.298,77.1707,Shivanasamudra Hydroelectric Power Station,42,19,1.62
HYDRO,HYDRO,KPCL,T B DAM HPS,KARNATAKA,15.261,76.3385,TB Dam Power House,36,0,1.7
THERMAL,COAL,JSWEL,TORANGALLU TPS(SBU-I),KARNATAKA,15.1874,76.664,JSW Energy Limited,260,181,165.68
THERMAL,COAL,JSWEL,TORANGALLU TPS(SBU-II),KARNATAKA,15.183994,76.6624,JSW Energy Limited,600,387,235.97
THERMAL,COAL,UPCL,UDUPI TPP,KARNATAKA,13.1598,74.8018,Udupi Power Corporation Limited,1200,726,774.31
HYDRO,HYDRO,KPCL,VARAHI HPS,KARNATAKA,13.696,75.00018,Varahi Underground Power House,460,95,42.2
THERMAL,DIESEL,KPCL,YELHANKA (DG),KARNATAKA,13.116,77.583,Karnataka Power Corporation Limited ( KPCL) Deisel Generation Plant,127.92,0,0
THERMAL,COAL,KPCL,YERMARUS TPP,KARNATAKA,16.294,77.356,Yermarus Thermal Power Station(Yeganur),800,445,0
THERMAL,DIESEL,KSEB,BRAMHAPURAM DG,KERALA,10,76.22,Brahmapuram Diesel Power Plant,63.96,3,0
THERMAL,NATURAL GAS,BSES(C),COCHIN CCPP (Liq.),KERALA,10.069,76.3029,BSES Kerala Power Limited,174,0,0
HYDRO,HYDRO,KSEB,IDAMALAYAR HPS.,KERALA,10.207,76.713,Idamalayar Power House,75,26,14.92
HYDRO,HYDRO,KSEB,IDUKKI HPS.,KERALA,9.7884,76.859,Idukki Power Station,780,199,75.92
HYDRO,HYDRO,KSEB,KAKKAD HPS.,KERALA,9.327,76.971,Kakkad Hydro Electric Power Station,50,12,6.14
THERMAL,DIESEL,KSEB,KOZHIKODE DG,KERALA,11.204,75.806,KSEB Diesel Power Plant,96,6,0
HYDRO,HYDRO,KSEB,KUTTIYADI ADDL. EXTN. HPS,KERALA,11.548,75.898515,Kakkayam KSEB Substation,100,0,11.15
HYDRO,HYDRO,KSEB,KUTTIYADI HPS.,KERALA,11.547,75.893,"Kuttiadi Tailrace Power House,Kakkayam",125,38,20.49
HYDRO,HYDRO,KSEB,LOWER PERIYAR HPS.,KERALA,9.962,76.957,Lower Periyar Dam,180,17,3.58
HYDRO,HYDRO,KSEB,NARIAMANGLAM HPS,KERALA,9.953,76.9794,Neriamangalam Hydro Electric Power Station,70,14,3.63
HYDRO,HYDRO,KSEB,PALLIVASAL HPS.,KERALA,10.0308,77.0545,Pallivasal Powerhouse,37.5,14,6.19
HYDRO,HYDRO,KSEB,PANNIAR HPS.,KERALA,9.9732,77.0278,Panniar Hydro Electric Project ,30,10,1.64
HYDRO,HYDRO,KSEB,PORINGALKUTTU HPS.,KERALA,10.309,76.617,Poringalkuthu Hydroelectric Power Station,32,8,5.73
THERMAL,NATURAL GAS,NTPC Ltd.,R. GANDHI CCPP (Liq.),KERALA,9.142,76.2549,Rajiv Gandhi Combined Cycle Power Plant,359.58,47,0
HYDRO,HYDRO,KSEB,SABARIGIRI HPS.,KERALA,9.309,77.0727,Sabarigiri Hydroelectric Power Plant India,300,79,40.69
HYDRO,HYDRO,KSEB,SENGULAM HPS.,KERALA,9.97609,77.0306,Sengulam Hydro Electric Project,48,8,2.6
HYDRO,HYDRO,KSEB,SHOLAYAR HPS.,KERALA,10.3045,76.7304,Sholayar I Hydroelectric Power House,54,24,14.91
THERMAL,COAL,MPPGCL,AMARKANTAK EXT TPS,MADHYA PRADESH,23.162,81.636,Amarkantak Thermal Power Station,210,146,154.19
THERMAL,COAL,MBPMPL,ANUPPUR TPP,MADHYA PRADESH,23.063,81.789,Home service,1200,521,373.19
HYDRO,HYDRO,MPPGCL,BANSAGAR TONS-1 HPS,MADHYA PRADESH,24.0233,81.374,"Sakhi Village, Beohari tehsil",315,90,123.16
HYDRO,HYDRO,MPPGCL,BANSAGAR TONS-II HPS,MADHYA PRADESH,24.1922,81.287,Bansagar Dam,30,9,13.05
HYDRO,HYDRO,MPPGCL,BANSAGAR TONS-III HPS,MADHYA PRADESH,24.187,81.285,Bansagar Hydroelectric Power Plant,60,15,0
HYDRO,HYDRO,MPPGCL,BARGI HPS,MADHYA PRADESH,22.938,79.9208,Hydal Plant Bargi,90,31,32.41
THERMAL,COAL,JPPVL,BINA TPS,MADHYA PRADESH,24.316,78.127,bina thermal power plant,500,212,75.98
THERMAL,COAL,NTPC Ltd.,GADARWARA TPP,MADHYA PRADESH,23.0488,78.7802,NTPC Powerplant Gadarwara,0,0,0
HYDRO,HYDRO,MPPGCL,GANDHI SAGAR HPS,MADHYA PRADESH,27.70016,75.552,Gandhi Sagar Hydroelectric power station,115,36,68.78
HYDRO,HYDRO,NHDC,INDIRA SAGAR HPS,MADHYA PRADESH,22.283,76.471,Indira Sagar Dam (Punasa Dam),1000,230,263.6
HYDRO,HYDRO,MPPGCL,MADHIKHERA HPS,MADHYA PRADESH,25.562,77.835,Atal Sagar Power Plant(Madikheda Hydroelectric power generation plant) MPPGCL,60,7,8.96
THERMAL,COAL,ESSARPMPL,MAHAN TPP,MADHYA PRADESH,24.007,82.417,Essar Power MP Limited,600,0,317.45
HYDRO,HYDRO,SMHPCL,MAHESHWAR HPS,MADHYA PRADESH,22.163,75.381,Maheshwar Hydel Project,0,0,0
THERMAL,COAL,JPPVL,NIGRI TPP,MADHYA PRADESH,24.1502,81.905,Jaypee Nigrie Thermal Power Plant,1320,510,640.18
THERMAL,COAL,BLAPPL,NIWARI TPP,MADHYA PRADESH,22.958,78.7322,BLA Power Pvt Ltd,45,10,22.64
HYDRO,HYDRO,NHDC,OMKARESHWAR HPS,MADHYA PRADESH,22.143,76.946,Omkareshwar Dam,520,110,110.33
HYDRO,HYDRO,MPPGCL,PENCH HPS,MADHYA PRADESH,21.481,79.208,Pench (Totladoh) Hydroelectric Power Plant India,160,25,33.69
HYDRO,HYDRO,MPPGCL,RAJGHAT TPS,MADHYA PRADESH,28.637,77.255,Rajghat Thermal Power Plant ,45,10,12.62
THERMAL,COAL,MPPGCL,SANJAY GANDHI TPS,MADHYA PRADESH,23.307,81.0658,Sanjay Gandhi Thermal Power Plant,1340,618,705.3
THERMAL,COAL,SPL,SASAN UMTPP,MADHYA PRADESH,23.978,82.626,Reliance Sasan Ultra Mega Power,3960,2790,2768.09
THERMAL,COAL,MPPGCL,SATPURA TPS,MADHYA PRADESH,22.107,78.17487,Satpura Thermal Power Station,1330,487,370.66
THERMAL,COAL,JHAPL,SEIONI TPP,MADHYA PRADESH,22.737,79.9107,"habua Power Limited, APIL",600,172,0
THERMAL,COAL,MPPGCL,SHRI SINGHAJI TPP,MADHYA PRADESH,22.1004,76.5318,Shree Singaji Thermal Power Project,1200,581,433.02
THERMAL,COAL,NTPC Ltd.,VINDHYACHAL STPS,MADHYA PRADESH,24.0959,82.671,Vindhyachal Super Thermal Power Station,4760,2601,2805.8
THERMAL,COAL,RattanIndia,AMARAVATI TPS,MAHARASHTRA,21.0789,77.901,RattanIndia Power Limited,1350,641,0
THERMAL,COAL,IEPL,BELA TPS,MAHARASHTRA,20.8103,79.056,"Ideal Energy Projects Ltd, Power Ltd.",270,0,0
HYDRO,HYDRO,DLHP,BHANDARDHARA HPS ST-II,MAHARASHTRA,19.325,73.4526,Bhandardara Dam,34,10,5.14
HYDRO,HYDRO,TATA MAH.,BHIRA HPS,MAHARASHTRA,18.454,73.391,Bhira Power Plant,150,75,37.35
HYDRO,HYDRO,TATA MAH.,BHIRA PSS HPS,MAHARASHTRA,18.454,73.391,BHIRA PSS Hydro Power Plant,150,0,54.29
HYDRO,HYDRO,MAHAGENCO,BHIRA TAIL RACE HPS,MAHARASHTRA,18.442,73.349,Bhira Tail Race Hydroelectric Power Plant India,80,6,9.01
HYDRO,HYDRO,TATA MAH.,BHIVPURI HPS,MAHARASHTRA,18.936,73.4527,Bhivpuri Hydroelectric Power Plant India,75,33,32.17
THERMAL,COAL,MAHAGENCO,BHUSAWAL TPS,MAHARASHTRA,21.048,75.841,2 * 210 MW - Bhusawal Thermal Power Station,1420,760,609.91
THERMAL,COAL,VIP,BUTIBORI TPP,MAHARASHTRA,20.925,78.932,Reliance Power Plant,600,334,196.19
THERMAL,COAL,MAHAGENCO,CHANDRAPUR(MAHARASHTRA) STPS,MAHARASHTRA,20.002,79.293,Chandrapur Super Thermal Power Station,2920,1477,1483.54
THERMAL,COAL,RIL (DAHANU),DAHANU TPS,MAHARASHTRA,19.967,72.743,Adani Dahanu Thermal Power Station,500,221,323.7
THERMAL,COAL,DIPL,DHARIWAL TPP,MAHARASHTRA,20.013,79.199,Dhariwal Infrastructure Limited,600,93,137.55
THERMAL,COAL,EEL,EMCO WARORA TPS,MAHARASHTRA,20.279,78.976,GMR Warora Energy Limited,600,332,373.19
THERMAL,COAL,GEPL,GEPL TPP Ph-I,MAHARASHTRA,19.929,79.1333,Gupta Energy Pvt Ltd,120,0,0
HYDRO,HYDRO,MAHAGENCO,GHATGHAR PSS HPS,MAHARASHTRA,19.532,73.6498,Ghatghar Hydro Power Station,250,36,61.63
THERMAL,COAL,JSWEL,JSW RATNAGIRI TPP,MAHARASHTRA,17.296,73.212,JSW Energy Ltd,1200,729,284.75
THERMAL,COAL,MAHAGENCO,KHAPARKHEDA TPS,MAHARASHTRA,21.278,79.115,Khaparkheda Thermal Power Station,1340,665,765.37
HYDRO,HYDRO,TATA MAH.,KHOPOLI HPS,MAHARASHTRA,18.782,73.354,Tata Power Khopoli,72,22,36.72
THERMAL,COAL,MAHAGENCO,KORADI TPS,MAHARASHTRA,21.238,79.093,Koradi Super Thermal Power Station,2600,1041,627.84
HYDRO,HYDRO,MAHAGENCO,KOYNA DPH HPS,MAHARASHTRA,17.401,74.749,Koyna Hydroelectric Power Plant,36,5,14.28
HYDRO,HYDRO,MAHAGENCO,KOYNA-I HPS,MAHARASHTRA,17.4001,73.749,Koyna Hydroelectric Power Plant,280,70,57.92
HYDRO,HYDRO,MAHAGENCO,KOYNA-II HPS,MAHARASHTRA,17.401,73.751,Koyna Hydroelectric Power Plant,320,0,60.77
HYDRO,HYDRO,MAHAGENCO,KOYNA-III HPS,MAHARASHTRA,17.401,73.753,Koyna Hydroelectric Power Plant,320,46,62.04
HYDRO,HYDRO,MAHAGENCO,KOYNA-IV HPS,MAHARASHTRA,17.401,73.751,Koyna Hydroelectric Power Plant,1000,150,171.23
THERMAL,COAL,LVTPL,LANCO VIDARBHA TPP,MAHARASHTRA,20.822,78.4878,Lanco Vidarbha Thermal Power Plant,0,0,0
THERMAL,NATURAL GAS,PGPL,MANGAON CCPP,MAHARASHTRA,18.408,73.362,Pioneer Gas Power Ltd.,388,0,23.96
THERMAL,COAL,NTPC Ltd.,MAUDA TPS,MAHARASHTRA,21.176,79.395,Mauda Super Thermal Power Station,1660,268,407.9
THERMAL,COAL,AMNEPL,MIHAN TPS,MAHARASHTRA,21.036,78.933,Abhijeet Mihan Coal Power Plant,246,0,0
THERMAL,COAL,RattanIndia,NASIK (P) TPS,MAHARASHTRA,19.981,73.892,Nashik Thermal Power Station,270,0,0
THERMAL,COAL,MAHAGENCO,NASIK TPS,MAHARASHTRA,19.9806,73.892,Nashik Thermal Power Station,630,344,259.2
THERMAL,COAL,MAHAGENCO,PARAS TPS,MAHARASHTRA,20.717,76.796,Paras Thermal Power Station,500,280,155.78
THERMAL,COAL,MAHAGENCO,PARLI TPS,MAHARASHTRA,18.867,76.524,MSPGCL Parali Thermal Power Plant,1170,0,307.48
THERMAL,NATURAL GAS,RGPPL,RATNAGIRI CCPP I,MAHARASHTRA,17.559,73.165,Anjanwel,740,0,0
THERMAL,NATURAL GAS,RGPPL,RATNAGIRI CCPP II,MAHARASHTRA,17.559,73.166,Ratnagiri Gas Power Pvt Ltd (RGPPL),740,0,270.05
THERMAL,NATURAL GAS,RGPPL,RATNAGIRI CCPP III,MAHARASHTRA,17.334,73.094,Ratnagiri Gas and Power,740,255,113.11
THERMAL,COAL,NTPC Ltd.,SOLAPUR,MAHARASHTRA,17.551,75.983,Solapur Super Thermal Power Station,0,0,0
NUCLEAR,NUCLEAR,NPCIL,TARAPUR,MAHARASHTRA,19.8309,72.661,Tarapur Atomic Power Station,1400,540,1038.48
HYDRO,HYDRO,MAHAGENCO,TILLARI HPS,MAHARASHTRA,15.7605,74.088,Tilari Project,60,10,12.84
THERMAL,COAL,APL,TIRORA TPS,MAHARASHTRA,21.413,79.968,Adani 5x660MW Power Plant Tiroda,3300,1776,1470.21
THERMAL,NATURAL GAS,TATA PCL,TROMBAY CCPP,MAHARASHTRA,19.002,72.898,Tata Power Trombay Thermal Plant,180,77,97.55
THERMAL,COAL,TATA PCL,TROMBAY TPS,MAHARASHTRA,19.0026,72.898,Tata Power Trombay Thermal Plant,1400,252,191.03
THERMAL,NATURAL GAS,MAHAGENCO,URAN CCPP,MAHARASHTRA,18.881,72.9703,Maharashtra State Power Generation Company Limited,672,211,259.02
HYDRO,HYDRO,MAHAGENCO,VAITARNA HPS,MAHARASHTRA,19.767,73.502,Vaitarna Hydroelectric Power Plant India,60,27,23.17
THERMAL,COAL,WPCL,WARDHA WARORA TPP,MAHARASHTRA,20.271,78.981,Wardha Power Company Limited,540,184,117.75
THERMAL,DIESEL,"ED, Manipur",LEIMAKHONG DG,MANIPUR,24.94003,93.839,Leimakhong Oil Power Plant,36,0,0
HYDRO,HYDRO,NHPC,LOKTAK HPS.,MANIPUR,24.5805,93.737,Loktak Power Station,105,37,59.05
HYDRO,HYDRO,NEEPCO.,KHONDONG HPS.,MEGHALAYA,27.2093,88.6654,Gati Hydro Electric Power House,50,3,9.92
HYDRO,HYDRO,MeECL,KYRDEMKULAI HPS.,MEGHALAYA,25.784,91.789,Kyrdemkulai Hydroelectric Power Plant India,60,9,5.93
HYDRO,HYDRO,MeECL,MYNTDU(LESHKA) St-1 HPS,MEGHALAYA,25.262,92.2002,Damsite Of Myntdu Leshka H E Project,126,5,4.02
HYDRO,HYDRO,MeECL,NEW UMTRU HPS,MEGHALAYA,26.012,91.823,"11.2 MW Umtru Power House, MePGCL",0,6,0
HYDRO,HYDRO,MeECL,UMIAM HPS ST-I,MEGHALAYA,25.659,91.9003,Umiam I Hydroelectric Power Plant,36,8,4.5
HYDRO,HYDRO,MeECL,UMIAM HPS ST-IV,MEGHALAYA,25.659,91.9004,Umiam I Hydroelectric Power Plant,60,12,5.84
HYDRO,HYDRO,NEEPCO.,TUIRIAL HPS,MIZORAM,24.212,92.5309,Tuirial Dam,0,0,0
HYDRO,HYDRO,NEEPCO.,DOYANG HPS.,NAGALAND,26.231,94.531,Doyang Hydro Electric Project,75,4,6.41
HYDRO,HYDRO,OHPC,BALIMELA HPS.,ORISSA,18.207,82.0606,Balimela Power House,510,74,79.49
THERMAL,COAL,JITPL,DERANG TPP,ORISSA,21.126,84.985,Angul Jindal India Thermal Power Limited,1200,468,376.93
HYDRO,HYDRO,OHPC,HIRAKUD HPS,ORISSA,21.529,83.908,Hirakud Captive Power Plant,347.5,44,25.88
THERMAL,COAL,OPGC,IB VALLEY TPS,ORISSA,21.6908,83.8623,Ib Thermal Power Stati,420,288,304.72
THERMAL,COAL,ICCL,ICCL (IMFA) IMP,ORISSA,20.533,85.908,IMFA Thermal Power Plant,0,25,33.78
THERMAL,COAL,GMR ENERG,KAMALANGA TPS,ORISSA,20.863,85.269,GMR Kamalanga Energy Limited,1050,560,434.45
THERMAL,COAL,LBPL,LANCO BABANDH TPP,ORISSA,20.826,85.295,Lanco Babandh Power Project,0,0,0
HYDRO,HYDRO,OHPC,MACHKUND HPS,ORISSA,18.508,82.4409,Machkund Hydroelectric Project,114.75,42,68.98
THERMAL,COAL,NALCO,NALCO IMP,ORISSA,20.854,85.1906,Captive Power Plant,0,21,30
HYDRO,HYDRO,OHPC,RENGALI HPS.,ORISSA,21.275,85.035,Rengali Dam,250,19,13.19
THERMAL,COAL,SEL,STERLITE TPP,ORISSA,21.816,84.042,Vedanta Limited,2400,741,621.69
THERMAL,COAL,NTPC Ltd.,TALCHER (OLD) TPS,ORISSA,20.9107,85.207,"INSURANCE(LIC,ORIENTAL)",460,307,326.34
THERMAL,COAL,NTPC Ltd.,TALCHER STPS,ORISSA,20.9105,85.2103,"INSURANCE(LIC,ORIENTAL)",3000,1993,2127.89
HYDRO,HYDRO,OHPC,UPPER INDRAVATI HPS.,ORISSA,19.426,82.859,Upper Indravati Hydroelectric Power Project,600,149,102.64
HYDRO,HYDRO,OHPC,UPPER KOLAB HPS.,ORISSA,18.788,82.599,Kolab Dam,320,46,42.4
THERMAL,COAL,IBPIL,UTKAL TPP(IND BARATH),ORISSA,21.671,83.924,Ind Bharat Energy Utkal Limitrd,350,257,0
THERMAL,NATURAL GAS,"P&ED, Pudu.",KARAIKAL CCPP,PUDUCHERRY,10.9325,79.821,Karaikal Gas CCGT India,32.5,21,21.61
HYDRO,HYDRO,PSPCL,ANANDPUR SAHIB HPS,PUNJAB,31.271,76.493,Anandpur Sahib Hydroelectric Power Stations India,134,45,42.56
HYDRO,HYDRO,BBMB,BHAKRA H P S,PUNJAB,31.411,76.433,Bhakhra Dam,1325,334,324.77
HYDRO,HYDRO,BBMB,DEHAR H P S,PUNJAB,31.413,76.868,Dehar Power House,990,91,95.42
HYDRO,HYDRO,BBMB,GANGUWAL HPS,PUNJAB,31.271,76.493,Ganguwal Power House II,77.65,39,36.67
THERMAL,COAL,PSPCL,GH TPS (LEH.MOH.),PUNJAB,30.258,75.169,Guru Hargobind Thermal Plant,920,336,174.51
THERMAL,COAL,PSPCL,GND TPS(BHATINDA),PUNJAB,30.234,74.927,"Guru Nanak Dev Thermal Plant, Bathinda",440,72,0
THERMAL,COAL,GPGSL (GVK),GOINDWAL SAHIB TPP,PUNJAB,31.380002,75.1515,Goindwal Sahib Power Project,540,121,0
HYDRO,HYDRO,BBMB,KOTLA HPS,PUNJAB,31.213,76.548,Kotla Power House,77.65,38,39.12
HYDRO,HYDRO,PSPCL,MUKERIAN HPS,PUNJAB,31.955,75.836,Mukerian Hydroelectric Power Station India,207,102,114.54
HYDRO,HYDRO,BBMB,PONG H P S,PUNJAB,31.966,75.946,Pong Dam Hydroelectric Power Station India,396,67,124.82
THERMAL,COAL,NPL,RAJPURA TPP,PUNJAB,30.559,76.578,Rajpura Thermal Power Station,1400,660,816.33
HYDRO,HYDRO,PSPCL,RANJIT SAGAR HPS,PUNJAB,32.4435,75.7339,Ranjit Sagar Dam Lake,600,90,58.76
THERMAL,COAL,PSPCL,ROPAR TPS,PUNJAB,31.035,76.575,Guru Gobind Singh Super Thermal Power Plant,1260,318,28.08
HYDRO,HYDRO,PSPCL,SHANAN HPS,PUNJAB,31.989,76.807,Shanan Power House,110,12,12.55
THERMAL,COAL,TSPL,TALWANDI SABO TPP,PUNJAB,29.924,75.238,Talwandi Sabo Power Limited (TSPL),1980,631,639.58
THERMAL,NATURAL GAS,NTPC Ltd.,ANTA CCPP,RAJASTHAN,25.1796,76.3207,Anta Gas Power Station,419.33,99,0
THERMAL,COAL,NLC,BARSINGSAR LIGNITE,RAJASTHAN,27.843,73.199,Barsingsar Thermal Power Station,250,150,171.97
THERMAL,COAL,RRVUNL,CHHABRA TPP,RAJASTHAN,24.6204,77.03606,Chhabra Thermal Power Plant,1000,432,613.49
NUCLEAR,NUCLEAR,DAE,DAE (RAJASTHAN),RAJASTHAN,24.869,75.6309,Rajasthan Atomic Power Station,100,0,0
THERMAL,NATURAL GAS,RRVUNL,DHOLPUR CCPP,RAJASTHAN,26.7024,77.848,Dholpur Thermal Power Station,330,33,0
THERMAL,COAL,RRVUNL,GIRAL TPS,RAJASTHAN,26.043,71.254,Giral Lignite Power Plant,250,37,0
THERMAL,COAL,RWPL (JSW),JALIPA KAPURDI TPP,RAJASTHAN,25.9012,71.327,JSW Energy (Barmer) Limited,1080,700,592.41
HYDRO,HYDRO,RRVUNL,JAWAHAR SAGAR HPS,RAJASTHAN,25.036,75.678,Jawahar Sagar Dam Hydroelectric Power Plant,99,31,46.2
THERMAL,COAL,RRVUNL,KALISINDH TPS,RAJASTHAN,24.536,76.098,KaliSindh Super Thermal Power Station,1200,576,738.14
THERMAL,COAL,APL,KAWAI TPS,RAJASTHAN,24.776,76.7382,Adani Power Rajasthan Ltd.,1320,763,616.99
THERMAL,COAL,RRVUNL,KOTA TPS,RAJASTHAN,25.1722,75.8189,Kota Super Thermal Power Station,1240,720,688.3
HYDRO,HYDRO,RRVUNL,MAHI BAJAJ HPS,RAJASTHAN,23.626,74.544,Mahi Bajaj Sagar Dam,140,23,24.99
HYDRO,HYDRO,RRVUNL,R P SAGAR HPS,RAJASTHAN,24.917,75.581,RanaPratap Sagar Dam,172,60,72.5
NUCLEAR,NUCLEAR,NPCIL,RAJASTHAN A.P.S.,RAJASTHAN,24.8751,75.617,Rajasthan Atomic Power Station,1080,682,684.54
THERMAL,NATURAL GAS,RRVUNL,RAMGARH CCPP,RAJASTHAN,27.335,70.536,Ramgarh Gas Thermal Power station,273.8,144,114.14
THERMAL,COAL,RRVUNL,SURATGARH TPS,RAJASTHAN,29.1816,74.0213,Suratgarh Super Thermal Power Plant,1500,553,167.08
HYDRO,HYDRO,GISL,CHUZACHEN HPS,SIKKIM,27.2092,88.6656,Gati Hydro Electric Power House,99,12,10.65
HYDRO,HYDRO,DEPL,JORETHANG LOOP,SIKKIM,27.159,88.292,Jorethang Loop Hydroelectric project,96,10,12.46
HYDRO,HYDRO,NHPC,RANGIT HPS,SIKKIM,27.294,88.292,Rangit Dam,60,14,14.94
HYDRO,HYDRO,DEPL,TASHIDING HPS,SIKKIM,27.312,88.2803,Tashiding HEP,0,10,0
HYDRO,HYDRO,NHPC,TEESTA V HPS,SIKKIM,27.251,88.459,Teesta Power Station-V,510,65,83.91
HYDRO,HYDRO,TUL,TEESTA-III HPS,SIKKIM,27.0018,88.4432,Teesta Low Dam Hydro Electric Project Stage III,400,154,9.42
HYDRO,HYDRO,TNGDCL,ALIYAR HPS.,TAMIL NADU,10.4544,77.0072,ALIYAR POWER HOUSE,60,9,1.83
THERMAL,DIESEL,VASAVI,B. BRIDGE D.G,TAMIL NADU,17.412,78.459,Vasavi Power Services Private Limited,200,0,0
THERMAL,NATURAL GAS,TNGDCL,BASIN BRIDGE GT (Liq.),TAMIL NADU,13.0987,80.269,Basin Bridge Gas Turbine Power Station,120,0,0
HYDRO,HYDRO,TNGDCL,BHAWANI BARRAGE III HPS,TAMIL NADU,11.383,77.713,Bhavani Kattalai Barrage I Hydel Power Project,30,2,0
HYDRO,HYDRO,TNGDCL,BHAWANI BARRAGE-II HPS,TAMIL NADU,11.393,77.7064,BHAWANI BARRAGE-II HPS,30,8,0
HYDRO,HYDRO,TNGDCL,BHAWANI KATTAL HPS,TAMIL NADU,11.4704,77.1143,Bhavanisagar Water Reservoir and Dam,30,8,0.08
THERMAL,COAL,TNGDCL,ENNORE TPS,TAMIL NADU,13.202,80.3112,Ennore Thermal Power Station,450,34,0
THERMAL,COAL,ITPCL,ITPCL TPP,TAMIL NADU,11.518,79.7501,ITPCL,1200,154,680.58
HYDRO,HYDRO,TNGDCL,KADAMPARI HPS.,TAMIL NADU,10.4101,77.0429,Kadamparai Hydro electric power plant,400,30,21.85
THERMAL,NATURAL GAS,ABAN POWR,KARUPPUR CCPP,TAMIL NADU,11.121,79.528,Aban Power Company Limited,119.8,46,41.66
HYDRO,HYDRO,TNGDCL,KODAYAR HPS.,TAMIL NADU,8.529,77.312,Lower Kodayar Dam Hydro Power Station,100,26,11.33
THERMAL,NATURAL GAS,TNGDCL,KOVIKALPAL CCPP,TAMIL NADU,10.541,79.449,TNEB Power Plant,107.88,33,24.68
NUCLEAR,NUCLEAR,NPCIL,KUDANKULAM,TAMIL NADU,8.168,77.7116,Kudankulam Nuclear Power Plant,1000,813,0
HYDRO,HYDRO,TNGDCL,KUNDAH HPS.,TAMIL NADU,11.3641,76.604,Kundah Power House 6,555,105,43.03
THERMAL,NATURAL GAS,TNGDCL,KUTTALAM CCPP,TAMIL NADU,11.0339,79.583,Kuttalam Gas Turbine Power Station,100,48,36.68
HYDRO,HYDRO,TNGDCL,LOWER METTUR HPS.,TAMIL NADU,11.797,77.8106,LOWER METTUR HPS.,120,33,1.03
NUCLEAR,NUCLEAR,NPCIL,MADRAS A.P.S.,TAMIL NADU,12.5571,80.1751,Madras Atomic Power Station,440,273,306.79
HYDRO,HYDRO,TNGDCL,METTUR DAM HPS.,TAMIL NADU,11.800612,77.8098,Mettur Dam,50,7,1.28
THERMAL,COAL,TNGDCL,METTUR TPS,TAMIL NADU,11.777,77.826,Mettur Thermal Power Plant & Expansion,1440,869,769.46
HYDRO,HYDRO,TNGDCL,METTUR TUNNEL HPS.,TAMIL NADU,11.797,77.8101,Mettur Hydro Power Plant,200,36,0
HYDRO,HYDRO,TNGDCL,MOYAR HPS,TAMIL NADU,11.6138,76.692,Moyar Power Plant,36,10,2.61
THERMAL,COAL,CEPL,MUTHIARA TPP,TAMIL NADU,8.913,78.1442,Mutiara Thermal Power Plant,1200,238,212.2
THERMAL,COAL,NLC,NEYVELI ( EXT) TPS,TAMIL NADU,11.592,79.475,Thermal Power Station 1 Nayveli,420,282,290.01
THERMAL,LIGNITE,NLC,NEYVELI NEW TPP,TAMIL NADU,11.592,79.454,Neyveli New Thermal Power Station,0,0,0
THERMAL,COAL,NLC,NEYVELI TPS- I,TAMIL NADU,11.353,79.28,Neyveli Thermal Power Station,600,372,340.28
THERMAL,COAL,NLC,NEYVELI TPS-II,TAMIL NADU,11.591,79.453,Neyveli New Thermal Power Station,1470,912,947.91
THERMAL,COAL,NLC,NEYVELI TPS-II EXP,TAMIL NADU,11.547,79.443,Thermal Power Station 2 Expansion,500,304,164.21
THERMAL,COAL,ST-CMSECP,NEYVELI TPS(Z),TAMIL NADU,11.5909,79.453,Neyveli New Thermal Power Station,250,158,86.26
THERMAL,COAL,TNGDCL,NORTH CHENNAI TPS,TAMIL NADU,13.246,80.3198,North Chennai Thermal Power Station,1830,996,773.36
THERMAL,NATURAL GAS,PPNPGCL,P.NALLUR CCPP,TAMIL NADU,13.142,80.182,Vallur Thermal Power Station,330.5,4,0
HYDRO,HYDRO,TNGDCL,PAPANASAM HPS.,TAMIL NADU,8.705,77.361,Papanasam Lower Hydroelectric,32,10,2.19
HYDRO,HYDRO,TNGDCL,PARSON`S VALLEY HPS.,TAMIL NADU,11.393,76.599,PARSON`S VALLEY HPS.,30,4,1.42
HYDRO,HYDRO,TNGDCL,PERIYAR HPS.,TAMIL NADU,9.961,76.958,Lower Periyar Dam,161,45,0
HYDRO,HYDRO,TNGDCL,PYKARA HPS.,TAMIL NADU,11.533,76.6012,Pykara (Singara) Hydroelectric Power House,59.2,6,0
HYDRO,HYDRO,TNGDCL,PYKARA ULTMATE HPS.,TAMIL NADU,11.462,76.603,Pykara Dam & Power House,150,24,9.14
THERMAL,DIESEL,SAMALPATI,SAMALPATTI DG,TAMIL NADU,12.2993,78.4033,Samalpatti Power Company (P) Ltd,105.7,3,0
THERMAL,DIESEL,MADURAI P,SAMAYANALLUR DG,TAMIL NADU,9.974,78.0455,Samayanallur Thermal Plant,106.001,2,0
HYDRO,HYDRO,TNGDCL,SARKARPATHY HPS.,TAMIL NADU,10.463,76.856,Sarkarpathy Power House,30,15,3.12
HYDRO,HYDRO,TNGDCL,SHOLAYAR HPS.,TAMIL NADU,10.355,76.8807,Sholayar I Hydroelectric Power House,95,10,0
HYDRO,HYDRO,TNGDCL,SURULIYAR HPS.,TAMIL NADU,9.622,77.272,Suruliyar Hydroelectric Power Plant,35,10,1.67
THERMAL,COAL,NTPL,TUTICORIN (JV) TPP,TAMIL NADU,8.762,78.175,Tuticorin Thermal Power Station,1000,630,573.34
THERMAL,COAL,IBPIL,TUTICORIN (P) TPP,TAMIL NADU,8.761,78.176,Tuticorin Thermal Power Station,300,64,0
THERMAL,COAL,TNGDCL,TUTICORIN TPS,TAMIL NADU,8.758,78.182,NLC Tamilnadu Thermal Power Plant,1050,564,505.66
THERMAL,NATURAL GAS,PENNA,VALANTARVY CCPP,TAMIL NADU,9.348,78.923,Valuthur Gas Combined Cycle Power Station,52.8,0,30
THERMAL,COAL,NTECL,VALLUR TPP,TAMIL NADU,13.235,80.305,NTPC Tamilnadu Energy,1500,771,880.32
THERMAL,NATURAL GAS,TNGDCL,VALUTHUR CCPP,TAMIL NADU,9.349,78.923,Valuthur Gas Turbine Power Plant,186.2,68,108.19
THERMAL,COAL,TSGENCO,KAKATIYA TPS,TELANGANA,18.384,79.827,Kakatiya Thermal Power Station,1100,614,677.2
THERMAL,COAL,TSGENCO,KOTHAGUDEM TPS,TELANGANA,17.60994,80.69815,Kothagudem Thermal Power Station,720,388,305.46
THERMAL,COAL,TSGENCO,KOTHAGUDEM TPS (NEW),TELANGANA,19.6221,80.6981,Kothagudem Thermal Power Station Stage V & VI,1000,590,572.31
HYDRO,HYDRO,TSGENCO,LOWER JURALA HPS,TELANGANA,16.3125,77.7774,Lower Jurala Hydro Electric Project,240,5,0.11
HYDRO,HYDRO,TSGENCO,LOWER SILERU HPS,TELANGANA,17.863,81.697,"Forebay Dam, Lower Sileru",460,104,103.28
HYDRO,HYDRO,TSGENCO,NAGARJUN SGR HPS,TELANGANA,16.575,79.3117,Nagarjuna Sagar Dam,815.6,79,33.13
HYDRO,HYDRO,TSGENCO,NAGARJUN SGR LBC HPS,TELANGANA,16.569,79.309,Nagarjuna Sagar Dam,60,5,0
HYDRO,HYDRO,TSGENCO,POCHAMPAD HPS,TELANGANA,18.2024,77.9229,Nizam Sagar,27,8,14.48
HYDRO,HYDRO,TSGENCO,PRIYADARSHNI JURALA HPS,TELANGANA,16.3384,77.7052,Jurala Project,234,0,0
HYDRO,HYDRO,TSGENCO,PULICHINTALA HPS,TELANGANA,16.7732,80.0527,Pulichintla hydro power house,30,2,0
THERMAL,COAL,TSGENCO,RAMAGUNDEM - B TPS,TELANGANA,18.758,79.458,NTPC Ramagundam Thermal Power Plant,62.5,27,40.84
THERMAL,COAL,NTPC Ltd.,RAMAGUNDEM STPS,TELANGANA,18.7477,79.4667,NTPC Ramagundam Thermal Power Plant,2600,1781,1748.03
THERMAL,COAL,SCCL,SINGARENI TPP,TELANGANA,18.8414,79.5728,Singareni Thermal Power Project,1200,307,726.22
HYDRO,HYDRO,TSGENCO,SRISAILAM LB HPS,TELANGANA,16.0872,78.896,Srisailam Reservoir,900,66,66.3
THERMAL,NATURAL GAS,NEEPCO.,AGARTALA GT,TRIPURA,23.8702,91.3605,NEEPCO AGTCCPP,135,82,82.56
THERMAL,NATURAL GAS,TSECL,BARAMURA GT,TRIPURA,23.8068,91.563,Baramura Gas Thermal Power Plant,58.5,25,15.91
THERMAL,NATURAL GAS,NEEPCO.,MONARCHAK CCPP,TRIPURA,23.438,91.2744,Monarchak Thermal Powerplant,101,43,27.54
THERMAL,NATURAL GAS,TSECL,ROKHIA GT,TRIPURA,23.626,91.1956,Rokhia Gas Thermal Power Station,111,34,41.86
THERMAL,NATURAL GAS,ONGC,TRIPURA CCPP,TRIPURA,23.8627,91.28264,Tripura Natural Gas Company Limited,726.6,341,296.44
THERMAL,COAL,LAPPL,ANPARA C TPS,UTTAR PRADESH,24.2049,82.7976,Anpara ‘C’ Lanco Thermal Power Station,1200,754,763.05
THERMAL,COAL,UPRVUNL,ANPARA TPS,UTTAR PRADESH,24.1945,82.806155,Anpara D Thermal Power Plant,2630,1670,1451.7
THERMAL,NATURAL GAS,NTPC Ltd.,AURAIYA CCPP,UTTAR PRADESH,26.629,79.529,NTPC Auraiya,663.36,147,0
THERMAL,COAL,BEPL,BARKHERA TPS,UTTAR PRADESH,28.47224,79.80702,"Bajaj Energy Ltd, Barkhera Power Plant",90,30,31.92
THERMAL,COAL,NTPC Ltd.,DADRI (NCTPP),UTTAR PRADESH,28.596,77.6115,NTPC Dadri,1820,1033,463.52
THERMAL,NATURAL GAS,NTPC Ltd.,DADRI CCPP,UTTAR PRADESH,28.598,77.608,NTPC Dadri,829.78,84,129.43
THERMAL,COAL,UPRVUNL,HARDUAGANJ TPS,UTTAR PRADESH,28.0092,78.133436,Harduaganj Thermal Power Station,665,419,321.16
THERMAL,COAL,BEPL,KHAMBARKHERA TPS,UTTAR PRADESH,27.07877,82.08364,Bajaj Energy Ltd,90,28,17.45
HYDRO,HYDRO,UPJVNL,KHARA HPS,UTTAR PRADESH,30.3508,77.6017,KHARA HPS,72,18,14.22
THERMAL,COAL,BEPL,KUNDARKI TPS,UTTAR PRADESH,27.0788,82.0841,Bajaj Energy Ltd Kundarki,90,32,25.55
THERMAL,COAL,LPGCL,LALITPUR TPS,UTTAR PRADESH,24.797,78.647,Lalitpur Power Generation Company Limited,1980,512,315.96
THERMAL,COAL,BEPL,MAQSOODPUR TPS,UTTAR PRADESH,28.246,79.998,Bajaj Energy Limited Maqsoodpur,90,30,25.2
HYDRO,HYDRO,UPJVNL,MATATILA HPS,UTTAR PRADESH,25.0988,78.37226,Matatila Hydroelectric Dam,30.6,13,15.76
THERMAL,COAL,MUNPL,MEJA STPP,UTTAR PRADESH,25.1454,81.94222,Meja Super Thermal Power Project,0,0,0
NUCLEAR,NUCLEAR,NPCIL,NARORA A.P.S.,UTTAR PRADESH,28.1582,78.4099,Narora Atomic Power Station,440,278,339.73
HYDRO,HYDRO,UPJVNL,OBRA HPS,UTTAR PRADESH,24.439,82.9666,Obra Hydroelectric Power Plant,99,12,19.97
THERMAL,COAL,UPRVUNL,OBRA TPS,UTTAR PRADESH,24.453,82.984,Obra Thermal Power Plant,1278,472,425.43
THERMAL,COAL,UPRVUNL,PANKI TPS,UTTAR PRADESH,26.4755,80.2427,Panki Thermal Power Station,210,90,63.49
THERMAL,COAL,UPRVUNL,PARICHHA TPS,UTTAR PRADESH,25.514,78.758,Parichha Thermal Power Station,1140,606,442.8
THERMAL,COAL,PPGCL (Jaypee),PRAYAGRAJ TPP,UTTAR PRADESH,25.207,81.65804,Prayagraj Power Generation Co. Ltd,1320,320,679.62
HYDRO,HYDRO,UPJVNL,RIHAND HPS,UTTAR PRADESH,24.202,83.0069,"Rihand Dam, Pipari",300,31,52.09
THERMAL,COAL,NTPC Ltd.,RIHAND STPS,UTTAR PRADESH,24.0261,82.7903,Rihand Power Station,3000,1878,1883.12
THERMAL,COAL,RPSCL,ROSA TPP Ph-I,UTTAR PRADESH,27.8191,79.9357,Rosa Thermal Power Plant,1200,539,660.6
THERMAL,COAL,NTPC Ltd.,SINGRAULI STPS,UTTAR PRADESH,24.1038,82.7063,Shaktinagar Singrauli N.T.P.C. THermal Power Plant,2000,1375,1423.41
THERMAL,COAL,NTPC Ltd.,TANDA TPS,UTTAR PRADESH,26.5892,82.5994,NTPC Tanda,440,276,276.68
THERMAL,COAL,NTPC Ltd.,UNCHAHAR TPS,UTTAR PRADESH,25.914,81.326,"NTPC, Unchahar, Uttar Pradesh",1050,621,611.85
THERMAL,COAL,BEPL,UTRAULA TPS,UTTAR PRADESH,27.34625,82.3166,Bajaj Energy Ltd. UTRAULA,90,32,29.85
THERMAL,NATURAL GAS,BIPL,BETA CCPP,UTTARAKHAND,29.1416,78.964,Gama Infraprop Pvt. Ltd.,0,0,0
HYDRO,HYDRO,UJVNL,CHIBRO (YAMUNA) HPS,UTTARAKHAND,30.614,77.7911,Icchadi Dam,240,32,27.81
HYDRO,HYDRO,UJVNL,CHILLA HPS,UTTARAKHAND,29.976,78.2204,Chilla Hydro Power Plant,144,54,58.29
HYDRO,HYDRO,UJVNL,DHAKRANI HPS,UTTARAKHAND,30.455,77.736,Power House Dhakrani,33.75,7,5.31
HYDRO,HYDRO,UJVNL,DHALIPUR HPS,UTTARAKHAND,30.435,77.682,Power House Dhalipur,51,10,8.1
HYDRO,HYDRO,NHPC,DHAULI GANGA HPS,UTTARAKHAND,29.867,80.559,"Dhauliganga Power Station,NHPC Ltd",280,31,25.96
THERMAL,NATURAL GAS,GIPL,GAMA CCPP,UTTARAKHAND,29.1409,78.963,Gama Infraprop Pvt. Ltd.,225,0,69.37
THERMAL,NATURAL GAS,SrEPL,KASHIPUR CCPP,UTTARAKHAND,29.154,78.975,"Sravanthi Energy Pvt. Ltd., Dariyal Rd, Khaikhera Madhiyan, Khaikhera, Uttarakhand",225,0,88.44
HYDRO,HYDRO,UJVNL,KHATIMA HPS,UTTARAKHAND,28.923,80.023,Lohia Head Power Plant,41.4,12,14.32
HYDRO,HYDRO,UJVNL,KHODRI HPS,UTTARAKHAND,30.613,77.7908,Ichari Dam,120,16,13.84
HYDRO,HYDRO,THDC,KOTESHWAR HPS,UTTARAKHAND,30.26,78.498,Koteshwar Dam,400,109,96.65
HYDRO,HYDRO,UJVNL,KULHAL HPS,UTTARAKHAND,30.428,77.629,Kulhaal Hydro Power House,30,8,6.75
HYDRO,HYDRO,UJVNL,MANERI BHALI - I HPS,UTTARAKHAND,30.739,78.528,Maneri Bhali Dam,90,25,20.16
HYDRO,HYDRO,UJVNL,MANERI BHALI - II HPS,UTTARAKHAND,30.738,78.528,Maneri Bhali Dam,304,44,31.59
HYDRO,HYDRO,UJVNL,RAMGANGA HPS,UTTARAKHAND,29.517,78.755,Ram Ganga Dam Project,198,45,63.85
HYDRO,HYDRO,AHPC (GVK),SRINAGAR HPS,UTTARAKHAND,30.2417,78.823,Alaknanda Hydro Electric Power Project,330,43,33.36
HYDRO,HYDRO,NHPC,TANAKPUR HPS,UTTARAKHAND,29.0552,80.116, Tanakpur,94.2,21,18.77
HYDRO,HYDRO,THDC,TEHRI ST-1 HPS,UTTARAKHAND,30.3771,78.4796,Tehri Dam,1000,304,265.36
HYDRO,HYDRO,JPPVL,VISHNU PRAYAG HPS,UTTARAKHAND,30.5669,79.547,Vishnu Prayag Hydel Power Plant,400,53,55.87
THERMAL,COAL,WBPDC,BAKRESWAR TPS,WEST BENGAL,23.828,87.452,Bakreshwar Ther­mal Power Station,1050,573,474.47
THERMAL,COAL,WBPDC,BANDEL TPS,WEST BENGAL,22.9954,88.4028,Bandel Thermal Power Station,450,112,129.41
THERMAL,COAL,CESC,BUDGE BUDGE TPS,WEST BENGAL,22.4669,88.1383,Calcutta Electric Supply Corporation Thermal Power Station,750,354,353.59
THERMAL,COAL,DPSCLTD,CHINAKURI TPS,WEST BENGAL,23.6802,86.853,Chinakuri Thermal Power station,30,0,0
THERMAL,COAL,DPL,D.P.L. TPS,WEST BENGAL,23.519,87.304,"D P L , POWER PLANT",880,130,183.18
THERMAL,COAL,DVC,DURGAPUR STEEL TPS,WEST BENGAL,23.580059,87.2047,Durgapur Steel Thermal Power Station,1000,498,653.05
THERMAL,COAL,DVC,DURGAPUR TPS,WEST BENGAL,23.528703,87.250619,Durgapur Thermal Power Station,210,99,134.11
THERMAL,COAL,NTPC Ltd.,FARAKKA STPS,WEST BENGAL,24.772,87.8944,"NTPC Limited, Farakka Super Thermal Power Station",2100,1200,1261.37
THERMAL,NATURAL GAS,WBPDC,HALDIA GT (Liq.),WEST BENGAL,22.103,88.175,Haldia Energy Limited,40,0,0
THERMAL,COAL,HEL,HALDIA TPP,WEST BENGAL,22.1029,88.17798,CESC Haldia Thermal Power Plant,600,314,231.67
THERMAL,COAL,IEL,INDIA POWER TPP (HALDIA),WEST BENGAL,22.078,88.099,"India Power Corporation Limited,Haldia",0,0,0
HYDRO,HYDRO,WBSEDCL,JALDHAKA HPS ST-I,WEST BENGAL,27.061,88.8795,Jaldhaka Hydel Power Project,36,0,0.16
THERMAL,NATURAL GAS,WBPDC,KASBA GT (Liq.),WEST BENGAL,22.415,87.871,Kolaghat Thermal Power Station,40,0,0
THERMAL,COAL,WBPDC,KOLAGHAT TPS,WEST BENGAL,22.415,87.8707,Kolaghat Thermal Power Station,1260,480,439.06
THERMAL,COAL,DVC,MEJIA TPS,WEST BENGAL,23.463,87.131,Mejia Thermal Power Station,2340,1009,1179.31
THERMAL,COAL,CESC,NEW COSSIPORE TPS,WEST BENGAL,22.548,88.2916,CESC Limited,0,0,0
HYDRO,HYDRO,WBSEDCL,PURULIA PSS HPS.,WEST BENGAL,23.186,86.089,Ajodhya Hydro Electric Power Project,900,92,83.16
THERMAL,COAL,DVC,RAGHUNATHPUR TPP,WEST BENGAL,23.617,86.658,Raghunathpur Thermal Power Plant,1200,94,145.85
HYDRO,HYDRO,WBSEDCL,RAMMAM HPS.,WEST BENGAL,27.113,88.137,"Rammam Hydel Project,St-II 51 MW",50,9,10.73
THERMAL,COAL,WBPDC,SAGARDIGHI TPS,WEST BENGAL,24.3687,88.1052,Sagardighi Thermal Power Station,1600,307,554.98
THERMAL,COAL,WBPDC,SANTALDIH TPS,WEST BENGAL,23.6009,86.466,Santaldih Thermal Power Station(STPS),500,316,344.35
THERMAL,COAL,CESC,SOUTHERN REPL. TPS,WEST BENGAL,22.5723,88.3641,SOUTHERN REPL. TPS,135,50,5.66
HYDRO,HYDRO,NHPC,TEESTA LOW DAM-III HPS,WEST BENGAL,27.0154,88.4427,Teesta Low Dam Hydro Electric Project Stage III,132,22,10.67
HYDRO,HYDRO,NHPC,TEESTA LOW DAM-IV HPS,WEST BENGAL,26.927,88.4553,Teesta Low Dam–IV,160,15,18.63
THERMAL,COAL,CESC,TITAGARH TPS,WEST BENGAL,22.731,88.3716,"Titagarh Generating Station,CESC",240,35,0